[{"geo_point_2d": {"lon": -1.7517586637650195, "lat": 48.40869019308683}, "geo_shape": {"type": "Feature", "geometry": {"coordinates": [-1.75175866376502, 48.40869019308683], "type": "Point"}, "properties": {}}, "gml_id": "petite_cite_caractere.35085", "code_insee": "35085", "nom": "Combourg"},{"geo_point_2d": {"lon": -1.2298036719423482, "lat": 47.941319270201745}, "geo_shape": {"type": "Feature", "geometry": {"coordinates": [-1.229803671942348, 47.941319270201745], "type": "Point"}, "properties": {}}, "gml_id": "petite_cite_caractere.35125", "code_insee": "35125", "nom": "La Guerche-de-Bretagne"},{"geo_point_2d": {"lon": -2.2991039468320307, "lat": 47.51827402229555}, "geo_shape": {"type": "Feature", "geometry": {"coordinates": [-2.299103946832031, 47.51827402229555], "type": "Point"}, "properties": {}}, "gml_id": "petite_cite_caractere.56195", "code_insee": "56195", "nom": "La Roche-Bernard"},{"geo_point_2d": {"lon": -4.177409832807108, "lat": 48.294227170374675}, "geo_shape": {"type": "Feature", "geometry": {"coordinates": [-4.177409832807108, 48.294227170374675], "type": "Point"}, "properties": {}}, "gml_id": "petite_cite_caractere.29053", "code_insee": "29053", "nom": "Le Faou"},{"geo_point_2d": {"lon": -4.4891976708426675, "lat": 48.04199648806621}, "geo_shape": {"type": "Feature", "geometry": {"coordinates": [-4.489197670842668, 48.04199648806621], "type": "Point"}, "properties": {}}, "gml_id": "petite_cite_caractere.29218", "code_insee": "29218", "nom": "Pont-Croix"},{"geo_point_2d": {"lon": -3.1594543084208238, "lat": 48.698414812089325}, "geo_shape": {"type": "Feature", "geometry": {"coordinates": [-3.159454308420824, 48.698414812089325], "type": "Point"}, "properties": {}}, "gml_id": "petite_cite_caractere.22250", "code_insee": "22250", "nom": "Pontrieux"},{"geo_point_2d": {"lon": -2.3366101949570512, "lat": 47.69950521211691}, "geo_shape": {"type": "Feature", "geometry": {"coordinates": [-2.336610194957051, 47.69950521211691], "type": "Point"}, "properties": {}}, "gml_id": "petite_cite_caractere.56196", "code_insee": "56196", "nom": "Rochefort-en-Terre"},{"geo_point_2d": {"lon": -3.985757395789487, "lat": 48.72655998361793}, "geo_shape": {"type": "Feature", "geometry": {"coordinates": [-3.985757395789487, 48.72655998361793], "type": "Point"}, "properties": {}}, "gml_id": "petite_cite_caractere.29239", "code_insee": "29239", "nom": "Roscoff"},{"geo_point_2d": {"lon": -1.3987073722438834, "lat": 48.25957766731701}, "geo_shape": {"type": "Feature", "geometry": {"coordinates": [-1.398707372243883, 48.25957766731701], "type": "Point"}, "properties": {}}, "gml_id": "petite_cite_caractere.35253", "code_insee": "35253", "nom": "Saint-Aubin-du-Cormier"},{"geo_point_2d": {"lon": -3.2324030650063946, "lat": 48.78500060256347}, "geo_shape": {"type": "Feature", "geometry": {"coordinates": [-3.232403065006395, 48.78500060256347], "type": "Point"}, "properties": {}}, "gml_id": "petite_cite_caractere.22362", "code_insee": "22362", "nom": "Tr\u00e9guier"},{"geo_point_2d": {"lon": -1.5741734468688549, "lat": 48.42620720367703}, "geo_shape": {"type": "Feature", "geometry": {"coordinates": [-1.574173446868855, 48.42620720367703], "type": "Point"}, "properties": {}}, "gml_id": "petite_cite_caractere.35019", "code_insee": "35019", "nom": "Bazouges-la-P\u00e9rouse"},{"geo_point_2d": {"lon": -1.7509463549282982, "lat": 48.549799684963915}, "geo_shape": {"type": "Feature", "geometry": {"coordinates": [-1.750946354928298, 48.549799684963915], "type": "Point"}, "properties": {}}, "gml_id": "petite_cite_caractere.35095", "code_insee": "35095", "nom": "Dol-de-Bretagne"},{"geo_point_2d": {"lon": -3.2033375060555636, "lat": 48.06835442667918}, "geo_shape": {"type": "Feature", "geometry": {"coordinates": [-3.203337506055564, 48.06835442667918], "type": "Point"}, "properties": {}}, "gml_id": "petite_cite_caractere.56073", "code_insee": "56073", "nom": "Gu\u00e9men\u00e9-sur-Scorff"},{"geo_point_2d": {"lon": -3.5885612964470375, "lat": 48.51736154996451}, "geo_shape": {"type": "Feature", "geometry": {"coordinates": [-3.588561296447037, 48.51736154996451], "type": "Point"}, "properties": {}}, "gml_id": "petite_cite_caractere.29067", "code_insee": "29067", "nom": "Guerlesquin"},{"geo_point_2d": {"lon": -2.5483748619982878, "lat": 47.955918434835745}, "geo_shape": {"type": "Feature", "geometry": {"coordinates": [-2.548374861998288, 47.955918434835745], "type": "Point"}, "properties": {}}, "gml_id": "petite_cite_caractere.56091", "code_insee": "56091", "nom": "Josselin"},{"geo_point_2d": {"lon": -3.2598783930951023, "lat": 48.74645817871713}, "geo_shape": {"type": "Feature", "geometry": {"coordinates": [-3.259878393095102, 48.74645817871713], "type": "Point"}, "properties": {}}, "gml_id": "petite_cite_caractere.22264", "code_insee": "22264", "nom": "La Roche-Derrien"},{"geo_point_2d": {"lon": -2.633116686841463, "lat": 48.359191828729976}, "geo_shape": {"type": "Feature", "geometry": {"coordinates": [-2.633116686841463, 48.359191828729976], "type": "Point"}, "properties": {}}, "gml_id": "petite_cite_caractere.22153", "code_insee": "22153", "nom": "Moncontour"},{"geo_point_2d": {"lon": -3.353286887494919, "lat": 47.70653666291481}, "geo_shape": {"type": "Feature", "geometry": {"coordinates": [-3.353286887494919, 47.70653666291481], "type": "Point"}, "properties": {}}, "gml_id": "petite_cite_caractere.56181", "code_insee": "56181", "nom": "Port-Louis"},{"geo_point_2d": {"lon": -2.9094908964274766, "lat": 48.40367510540501}, "geo_shape": {"type": "Feature", "geometry": {"coordinates": [-2.909490896427477, 48.40367510540501], "type": "Point"}, "properties": {}}, "gml_id": "petite_cite_caractere.22262", "code_insee": "22262", "nom": "Quintin"},{"geo_point_2d": {"lon": -1.945065894898958, "lat": 48.29524020547292}, "geo_shape": {"type": "Feature", "geometry": {"coordinates": [-1.945065894898958, 48.29524020547292], "type": "Point"}, "properties": {}}, "gml_id": "petite_cite_caractere.35022", "code_insee": "35022", "nom": "B\u00e9cherel"},{"geo_point_2d": {"lon": -1.5031479640753609, "lat": 48.04802924967235}, "geo_shape": {"type": "Feature", "geometry": {"coordinates": [-1.503147964075361, 48.04802924967235], "type": "Point"}, "properties": {}}, "gml_id": "petite_cite_caractere.35069", "code_insee": "35069", "nom": "Ch\u00e2teaugiron"},{"geo_point_2d": {"lon": -2.9988095265902803, "lat": 48.536774344208176}, "geo_shape": {"type": "Feature", "geometry": {"coordinates": [-2.99880952659028, 48.536774344208176], "type": "Point"}, "properties": {}}, "gml_id": "petite_cite_caractere.22206", "code_insee": "22206", "nom": "Ch\u00e2telaudren"},{"geo_point_2d": {"lon": -3.1511367011915663, "lat": 48.56246430952909}, "geo_shape": {"type": "Feature", "geometry": {"coordinates": [-3.151136701191566, 48.56246430952909], "type": "Point"}, "properties": {}}, "gml_id": "petite_cite_caractere.22070", "code_insee": "22070", "nom": "Guingamp"},{"geo_point_2d": {"lon": -2.322141846324644, "lat": 48.40915850669737}, "geo_shape": {"type": "Feature", "geometry": {"coordinates": [-2.322141846324644, 48.40915850669737], "type": "Point"}, "properties": {}}, "gml_id": "petite_cite_caractere.22084", "code_insee": "22084", "nom": "Jugon-les-Lacs"},{"geo_point_2d": {"lon": -2.0502184349513097, "lat": 48.455476036763294}, "geo_shape": {"type": "Feature", "geometry": {"coordinates": [-2.05021843495131, 48.455476036763294], "type": "Point"}, "properties": {}}, "gml_id": "petite_cite_caractere.22050", "code_insee": "22050", "nom": "L\u00e9hon"},{"geo_point_2d": {"lon": -4.207113616978858, "lat": 48.09863945123892}, "geo_shape": {"type": "Feature", "geometry": {"coordinates": [-4.207113616978858, 48.09863945123892], "type": "Point"}, "properties": {}}, "gml_id": "petite_cite_caractere.29134", "code_insee": "29134", "nom": "Locronan"},{"geo_point_2d": {"lon": -2.383507248642928, "lat": 47.809794378315594}, "geo_shape": {"type": "Feature", "geometry": {"coordinates": [-2.383507248642928, 47.809794378315594], "type": "Point"}, "properties": {}}, "gml_id": "petite_cite_caractere.56124", "code_insee": "56124", "nom": "Malestroit"},{"geo_point_2d": {"lon": -1.9558924576398693, "lat": 48.13793485829393}, "geo_shape": {"type": "Feature", "geometry": {"coordinates": [-1.955892457639869, 48.13793485829393], "type": "Point"}, "properties": {}}, "gml_id": "petite_cite_caractere.35188", "code_insee": "35188", "nom": "Montfort-sur-Meu"}]